{
  "n_points": 500,
  "seq_len": 10,
  "n_samples": 490,
  "final_loss": 2.3448201318387873e-06,
  "rmse_total": 0.1211409761328175,
  "rmse_per_var": [
    0.03257937507228333,
    0.012090767714144255,
    0.0017481055155209265,
    0.0006553096618699473,
    0.002097387440288778,
    0.0706897673054675,
    0.02496334314412819,
    0.00037833791560718146,
    0.23078604746335724,
    0.3807087787641856,
    0.0003421767518513194,
    0.020354243132631646,
    0.00023225478895925867,
    0.0004729494908483917
  ]
}