{
  "n_points": 2500,
  "seq_len": 3,
  "n_samples": 2497,
  "final_loss": 8.525129828740319e-07,
  "rmse_total": 0.6105570307960205,
  "rmse_per_var": [
    0.18675785933733136,
    0.0627593113645982,
    0.014469580930786595,
    0.0052447624191246855,
    0.049275176438289145,
    0.3676295310531337,
    0.22815073225023155,
    0.00021440481466468303,
    1.231219913001814,
    1.8603751530223003,
    0.00046986555888209753,
    0.11508505988532451,
    0.009428497681755599,
    0.00036640541848522004
  ]
}