{
  "experiment": "seq3_h128",
  "n_test_trajectories": 100,
  "n_predicted_steps": 98,
  "overall_rmse": {
    "mean": 0.047656153159973826,
    "std": 0.036909497109093185,
    "median": 0.03833957304471392,
    "min": 0.007724498495096047,
    "max": 0.19154906301390712,
    "q25": 0.01998385347780442,
    "q75": 0.061945516941894554
  },
  "per_variable_rmse_mean": {
    "pH": 0.013228296821783394,
    "Ptot_atm": 0.12131798372243033,
    "pH2_atm": 0.010820595713502383,
    "pCO2_atm": 0.1090244633702603,
    "pCH4_atm": 0.009117739411116167,
    "CH4_g_mol": 0.000439586193531998,
    "H2_g_mol": 0.0001333156256601551,
    "CO2_g_mol": 0.0012134723424506693,
    "SO4": 2.7630925507899214e-07,
    "Formate": 0.0005904180587034407,
    "Acetate": 1.5058111367418716e-13,
    "Ca": 0.0004700369715921956
  },
  "per_variable_rmse_std": {
    "pH": 0.009101905794087933,
    "Ptot_atm": 0.09527962296198186,
    "pH2_atm": 0.002032115315191735,
    "pCO2_atm": 0.08602244879419559,
    "pCH4_atm": 0.0072837992369714916,
    "CH4_g_mol": 0.0003383260742990708,
    "H2_g_mol": 3.3816872202492274e-05,
    "CO2_g_mol": 0.0009603676514444778,
    "SO4": 1.7464419119017048e-07,
    "Formate": 0.00011822669676840857,
    "Acetate": 6.298677853716347e-13,
    "Ca": 0.00021151025335005137
  }
}