{
  "n_points": 500,
  "seq_len": 50,
  "n_samples": 450,
  "final_loss": 1.8594029143059743e-06,
  "rmse_total": 0.21911296110710568,
  "rmse_per_var": [
    0.06750849661225418,
    0.02288714727503026,
    0.005394642862100624,
    0.001633478208263784,
    0.001808124048835112,
    0.13225655532098712,
    0.04031723550376467,
    0.0007204185441300129,
    0.4344747710584734,
    0.6770328919907618,
    0.0006108535845440999,
    0.027749263154075384,
    0.00014719419720406006,
    0.000723150623997854
  ]
}