{
  "n_points": 2500,
  "seq_len": 5,
  "n_samples": 2495,
  "final_loss": 1.6437972590210848e-05,
  "rmse_total": 15.591944698460855,
  "rmse_per_var": [
    4.121850810662699,
    1.5226570225005585,
    0.1918158048738633,
    0.08313628818965275,
    1.0592305604449794,
    9.151554032066153,
    3.8249422014159133,
    0.00032778247622529833,
    29.76152667371669,
    48.94535584425991,
    0.00030630242344400284,
    1.7953627117530633,
    0.21853322057084448,
    0.0017102202297862087
  ]
}