{
  "n_points": 1000,
  "seq_len": 3,
  "n_samples": 997,
  "final_loss": 6.062090051273117e-06,
  "rmse_total": 2.498356373735096,
  "rmse_per_var": [
    0.7254098473312957,
    0.25912636262738714,
    0.05077109584572138,
    0.01476865391460572,
    0.034479164353363,
    1.515018814919134,
    0.23349133569738773,
    0.0007589830509252855,
    4.8663228477460505,
    7.792682371000549,
    0.0002153018518674325,
    0.17556933777198785,
    0.00331274516572006,
    0.0006616643833321939
  ]
}