{
  "timestamp": "2026-03-28T16:26:28.771331",
  "seq_len": 20,
  "hidden_size": 128,
  "rmse_total": 0.2943616558200195,
  "rmse_per_var": {
    "pH": 0.04037036534867037,
    "Ptot_atm": 0.3362030330109917,
    "pH2_atm": 0.008530843556624,
    "pCO2_atm": 0.30361702338885566,
    "pCH4_atm": 0.028596941252931926,
    "CH4_g_mol": 0.001255317562858007,
    "H2_g_mol": 0.00018427713736148205,
    "CO2_g_mol": 0.003380314655152214,
    "SO4": 2.9131234613601117e-07,
    "Formate": 0.00042292236179873843,
    "Acetate": 1.7659541515155937e-11,
    "Ca": 0.0006607336239490995
  },
  "final_loss": 0.0001983558799940766,
  "best_loss": 0.0001983558799940766,
  "training_time": 135.00631713867188,
  "n_params": 206348,
  "loss_history": [
    0.008015871683560442,
    0.0008238529194179073,
    0.0005172524508293064,
    0.0003887936575011465,
    0.0003541054416513234,
    0.0003357595633388611,
    0.00032190738006887076,
    0.0003118021933468091,
    0.00029858052087212473,
    0.0002967918754285692,
    0.00029033425298780855,
    0.00029048701174344804,
    0.000285889192641582,
    0.0002809210387855082,
    0.0002823681755934989,
    0.0002789474539703837,
    0.0002770497218558663,
    0.00027373216973756553,
    0.0002696644257970579,
    0.00027095903484191617,
    0.0002683334345643392,
    0.0002693786449718142,
    0.0002659537109521855,
    0.0002741268624576103,
    0.00026906089297610154,
    0.00027205870867698666,
    0.00027003729340146506,
    0.00027590828116476666,
    0.0002711123704150515,
    0.00027078679449276245,
    0.00028216176739844835,
    0.00027072021447677625,
    0.0002773063260910771,
    0.00027960916943317116,
    0.00024122844052934007,
    0.00024051578555117246,
    0.00023721554347215908,
    0.00023828391348248708,
    0.00023957696971034205,
    0.00023993871714960652,
    0.00024059262854790543,
    0.00023837984777505002,
    0.00024012411135788025,
    0.0002391225011945751,
    0.00023690350466048376,
    0.00024062995599754351,
    0.0002369142872211932,
    0.00023976218087084003,
    0.0002399137927313221,
    0.00023596861901113012,
    0.00023835267551986728,
    0.0002359762285394888,
    0.00023530310743872338,
    0.0002321525647921749,
    0.00023209589350715344,
    0.00023263462491357993,
    0.0002338381125203644,
    0.00023488526568511142,
    0.00023311469535416875,
    0.00023366674549036185,
    0.00023559164582637318,
    0.0002327201026083346,
    0.0002310815451078509,
    0.00022932820465301345,
    0.00023287787876222609,
    0.00023220854029141105,
    0.0002297282560520168,
    0.00022986214367975072,
    0.00022804971142026612,
    0.0002296709336070834,
    0.0002273286212840232,
    0.0002262124849949032,
    0.0002271196520029518,
    0.00022605406493152768,
    0.0002231360414155285,
    0.00022465738655770556,
    0.00022006714512316281,
    0.00021958371456875874,
    0.00021827980322485562,
    0.00021691427243415986,
    0.00022001046005211639,
    0.000218844913168843,
    0.00021711616356154544,
    0.00021680389590185593,
    0.00021278859144730264,
    0.00021271493246068099,
    0.00021273787026171033,
    0.00021170026631903296,
    0.00021212331525850714,
    0.00020991744679856327,
    0.00020916918466243437,
    0.00020881009889611352,
    0.0002048875452346054,
    0.00020616182525388962,
    0.000204655221508195,
    0.00020619268251354235,
    0.0002026761475064089,
    0.00020344503603777602,
    0.00019929189778243502,
    0.0001983558799940766
  ]
}