{
  "timestamp": "2026-03-28T21:33:39.404399",
  "seq_len": 5,
  "hidden_size": 128,
  "rmse_total": 0.21732697765207934,
  "rmse_per_var": {
    "pH": 0.01921660559417197,
    "Ptot_atm": 0.16197968576864707,
    "pH2_atm": 0.010035061803465124,
    "pCO2_atm": 0.14607346770560836,
    "pCH4_atm": 0.013214863104817787,
    "CH4_g_mol": 0.0005977716451492885,
    "H2_g_mol": 0.00013769917793883036,
    "CO2_g_mol": 0.001626895306528697,
    "SO4": 2.74548929346322e-07,
    "Formate": 0.0005414867208866946,
    "Acetate": 1.0663872902987604e-15,
    "Ca": 0.0004815596719741542
  },
  "final_loss": 0.00019900407039384033,
  "best_loss": 0.00019762951538163738,
  "training_time": 499.4226849079132,
  "n_params": 206348,
  "loss_history": [
    0.009065303177581053,
    0.0010209892035707192,
    0.0008420758422935305,
    0.0007526057244680778,
    0.0007055478104040269,
    0.000689717212184911,
    0.0006793683762290135,
    0.0006637606200122842,
    0.0006475987835214115,
    0.0006410556438257752,
    0.0006393351118196045,
    0.0006390032861326661,
    0.0006356687745156549,
    0.0006370136422000429,
    0.0006316548961451685,
    0.0006283054828503273,
    0.0006256600579773159,
    0.0006308526984834768,
    0.0006285147059821804,
    0.0006258631341735221,
    0.0006306519667816365,
    0.0006193177288566226,
    0.0006138228323274794,
    0.0006157799008076448,
    0.0006143314050601453,
    0.000608057169603272,
    0.000608972943671731,
    0.0006034084397351601,
    0.0006054205470029595,
    0.0006001797265692796,
    0.000594367231648779,
    0.0005917970679036325,
    0.0005825469427061483,
    0.000579790672881132,
    0.0005825943223644357,
    0.0005740799835039931,
    0.0005712198622568824,
    0.0005681969197163877,
    0.0005584204383986622,
    0.0005526382217084516,
    0.0005508993223437643,
    0.0005428546178740169,
    0.0005430467318283317,
    0.0005362518220422128,
    0.0005308509723024343,
    0.0005292847976274513,
    0.000522189856625366,
    0.0005164858433913946,
    0.0005160795907715898,
    0.0005091729599909482,
    0.0005088852074055122,
    0.0005003582778663688,
    0.000500226699276662,
    0.0004980433257827094,
    0.0004960299804827375,
    0.0004928843675356238,
    0.0004874864275761489,
    0.0004830893396727807,
    0.000479920733666334,
    0.00047612481594868223,
    0.0004718306894757173,
    0.0004656276456045935,
    0.0004679885168164451,
    0.0004662630988971038,
    0.0004616761324374755,
    0.0004569666430708186,
    0.0004555218823435964,
    0.00045048671413954215,
    0.0004490400825871,
    0.0004469800065237114,
    0.00044237274952789424,
    0.0004373764457007506,
    0.00043947949124494647,
    0.00043818706745755743,
    0.00042813177953802115,
    0.00042509335935661383,
    0.00042256332884650107,
    0.00042235571202221356,
    0.0004189446335658431,
    0.0004248171448900458,
    0.000417007732576382,
    0.00041273954045785227,
    0.00040850465155975376,
    0.00040897761067560154,
    0.000401160086487205,
    0.0004053602890440775,
    0.00039831017775698044,
    0.0004046093272121028,
    0.0003961216914605283,
    0.0003928490694834074,
    0.00039868886818828273,
    0.0003933649731954262,
    0.0003868185659490261,
    0.00038398483102678284,
    0.00038132584609364064,
    0.0003837366116036159,
    0.0003808847695352102,
    0.0003767825769688989,
    0.0003734875880092239,
    0.000369269860641116,
    0.00037155769458495233,
    0.00037549598574412423,
    0.00036925700363653476,
    0.0003707271725243817,
    0.00036534645014990824,
    0.00036202284411703564,
    0.0003615483776294246,
    0.0003641057965661173,
    0.00035639313072346416,
    0.0003594897754425624,
    0.00035823552554801173,
    0.0003550695204596206,
    0.00035780864098169924,
    0.0003506611402700352,
    0.00035019434978854813,
    0.00035277455668006444,
    0.0003497228151243786,
    0.0003491626107326802,
    0.000344878076210607,
    0.00034608220595097686,
    0.00034439622156925433,
    0.0003415330093748008,
    0.000346568804688906,
    0.0003336678447991268,
    0.0003408964323988956,
    0.00033958794303877644,
    0.0003378917259052561,
    0.0003352085702409196,
    0.000336428165653467,
    0.0003349741872781667,
    0.000338837695628344,
    0.0003327134804291783,
    0.0003338737927167814,
    0.00032823113242395706,
    0.00032874268924641095,
    0.0003282799691680995,
    0.00032736506580358603,
    0.0003284601127513899,
    0.0003248789888798375,
    0.00032186817824523677,
    0.00032061319799953243,
    0.00032743921168644486,
    0.00032249100986088365,
    0.0003200829361108016,
    0.0003215676006866542,
    0.00032081876722296713,
    0.0003177146907804875,
    0.00031879336570428147,
    0.0003178786342934645,
    0.0003149445520330926,
    0.00031350251156685204,
    0.00031147093443921903,
    0.0003130183123450274,
    0.0003093680269229529,
    0.0003093751515062063,
    0.00030738957952666676,
    0.0003093498378038715,
    0.0003133425265192412,
    0.00030694026460377884,
    0.0003049431480474208,
    0.0003103729051237474,
    0.00030802061196455194,
    0.00030845410731957244,
    0.00030438102939002183,
    0.0003006532828746496,
    0.0003055018779598507,
    0.000304979708658107,
    0.00030071076466192177,
    0.00030721475419480924,
    0.0003029447184605579,
    0.00029689008750630397,
    0.0002987484634335886,
    0.0002913068822060144,
    0.0002980917392018907,
    0.0002978709336065759,
    0.00030367073955836835,
    0.0002966168750395734,
    0.0002952901368889098,
    0.0002986867966360451,
    0.00030072597304934954,
    0.00030273798585885904,
    0.00029663527356846444,
    0.0002928419105299423,
    0.00029279111599351263,
    0.00026598813638405204,
    0.0002594719245339628,
    0.0002573498790534682,
    0.0002581965784523664,
    0.00025617854330260253,
    0.0002573125453399957,
    0.00025502337348101847,
    0.00025556049612419647,
    0.0002558453487884667,
    0.0002554105524577823,
    0.00025598751884759764,
    0.00025500287426692106,
    0.00025461962977500036,
    0.0002526136172626074,
    0.0002538055249440936,
    0.0002534786978830892,
    0.00025295810664614066,
    0.00025144666925860714,
    0.00025392367198688565,
    0.00025251143638316004,
    0.00025032658741971995,
    0.00025269366287076627,
    0.00025096713629352844,
    0.00025085794130483497,
    0.00025059089699888204,
    0.0002474906400897259,
    0.00024849417232446783,
    0.0002497697209704463,
    0.000247974300115733,
    0.0002491770550014848,
    0.00024698440311166607,
    0.00024734402665924885,
    0.0002476743195731518,
    0.000244599975147505,
    0.00024729026650276983,
    0.00024376093957073072,
    0.00024552726589443613,
    0.0002461337191142285,
    0.00024529231811932855,
    0.00024313014405352455,
    0.0002456181046753411,
    0.0002448163223890285,
    0.00024523214724144935,
    0.0002456277783838867,
    0.0002442330696148875,
    0.0002441531008993931,
    0.0002439208645163484,
    0.00024124991532570832,
    0.00024618616064331226,
    0.00024333191953238497,
    0.00024165545714042322,
    0.00024339055785249378,
    0.00024505542482203973,
    0.00023909653431926055,
    0.00024032654696572628,
    0.00023952940622373544,
    0.00024185433997407545,
    0.0002425368017649289,
    0.00023910886754099962,
    0.00024122758287166318,
    0.0002423808394608187,
    0.0002415704248750654,
    0.00024161500897266786,
    0.00023926696871833037,
    0.00023584371289209403,
    0.00023707890481489694,
    0.00023915333513717426,
    0.00023856015033646593,
    0.0002374046050496372,
    0.00023735398397375912,
    0.0002386608730967862,
    0.00023769152003888747,
    0.0002375010269871064,
    0.00024067640846000003,
    0.0002365089488317694,
    0.00023721498554329988,
    0.00022452818369286234,
    0.00022272229118523403,
    0.00022195906303588785,
    0.0002212563483802238,
    0.00022109889127582742,
