{
  "n_points": 2500,
  "seq_len": 50,
  "n_samples": 2450,
  "final_loss": 1.324726781604113e-06,
  "rmse_total": 0.9484855952046161,
  "rmse_per_var": [
    0.2760391729156046,
    0.09839915068680245,
    0.019154756598845777,
    0.005724835467879703,
    0.018588881890307107,
    0.573803734763022,
    0.1269482858772432,
    0.000321082652817392,
    1.8540833914766062,
    2.9514485898637908,
    0.00019024098646810332,
    0.11864928403590794,
    0.0022895101810749096,
    0.0002632861666862794
  ]
}