{
  "n_points": 2500,
  "seq_len": 10,
  "n_samples": 2490,
  "final_loss": 2.5635903512011282e-05,
  "rmse_total": 4.882278301990259,
  "rmse_per_var": [
    1.3607409414567064,
    0.4987766341557499,
    0.08522285842763977,
    0.02909389495023011,
    0.10882286159103416,
    2.9179367008736667,
    0.6320184732900016,
    0.0003830066895317618,
    9.36831600045702,
    15.31982791277845,
    0.0009316271950677078,
    0.4649453415639791,
    0.013561111295130386,
    0.001007804688710909
  ]
}