{
  "timestamp": "2026-03-28T16:19:07.893212",
  "seq_len": 10,
  "hidden_size": 128,
  "rmse_total": 0.3645176435942785,
  "rmse_per_var": {
    "pH": 0.04683187109952201,
    "Ptot_atm": 0.3976826406975881,
    "pH2_atm": 0.013266042057202864,
    "pCO2_atm": 0.36367463565612224,
    "pCH4_atm": 0.033456485436895056,
    "CH4_g_mol": 0.0014930692380904528,
    "H2_g_mol": 0.00022329719611823495,
    "CO2_g_mol": 0.004050719300474909,
    "SO4": 3.600136278469855e-07,
    "Formate": 0.0007372758587615231,
    "Acetate": 1.316360787176549e-12,
    "Ca": 0.000785714141662607
  },
  "final_loss": 0.0003480496863630833,
  "best_loss": 0.0003480496863630833,
  "training_time": 109.69670987129211,
  "n_params": 206348,
  "loss_history": [
    0.00783836476985016,
    0.0009220740188538912,
    0.0006041343452125147,
    0.0005277892372760107,
    0.0004946012806612999,
    0.000475737294073042,
    0.0004660963256355899,
    0.0004676998467402882,
    0.0004578557465720223,
    0.0004605983397595992,
    0.0004607352694620204,
    0.00046078436616880936,
    0.00045299427374629887,
    0.00045469571314242784,
    0.0004604611322974961,
    0.000464990790351294,
    0.00046428784771705977,
    0.00046171295498425023,
    0.00046515060139427076,
    0.00046227403909142594,
    0.00046403262003877897,
    0.00046283090814540627,
    0.000472919424828433,
    0.0004696015757872374,
    0.0004200031113214209,
    0.00041630102441558847,
    0.0004187210207419412,
    0.00041651010569694337,
    0.00041756033706406013,
    0.0004208957620903675,
    0.00041619443927629616,
    0.0004210762932416401,
    0.0004169362059656123,
    0.00041625299845691186,
    0.00041241046483264654,
    0.00041427884252698277,
    0.0004142365445659379,
    0.00041279647566625497,
    0.00041365516271980597,
    0.0004113648528800695,
    0.00040891864564400747,
    0.00040997418591359747,
    0.00041015469541889616,
    0.0004081638067873428,
    0.00040464417807015705,
    0.00040660794302311843,
    0.0004067124007633538,
    0.0004017143118289823,
    0.0004027966169815045,
    0.00039956722584975066,
    0.0003958078699724865,
    0.0004028492504403403,
    0.0003948581060285505,
    0.00039739919684507187,
    0.0003939171042475209,
    0.0003905128090082144,
    0.00039366983219224494,
    0.00039516063961855254,
    0.0003923489574845007,
    0.0003892586984875379,
    0.0003896756242284027,
    0.0003898708479027846,
    0.0003857089419398108,
    0.00038232641745707954,
    0.0003802756800723728,
    0.0003834597199784184,
    0.0003799064297709265,
    0.00037905540093561283,
    0.00037844327935090407,
    0.00037571616467175773,
    0.0003783188592024089,
    0.0003745460417121649,
    0.00037091032918397105,
    0.00037354285896071813,
    0.0003735590747965034,
    0.0003697645664033189,
    0.0003693618386023445,
    0.00037034249944554174,
    0.00036646863036366996,
    0.00036514448793241173,
    0.0003690048013595515,
    0.0003641028756646847,
    0.0003620369006966939,
    0.0003634080704614462,
    0.0003624259860771417,
    0.0003619399458330008,
    0.00036098480832151835,
    0.00035914094578402,
    0.00035870867423000164,
    0.0003588983599911444,
    0.0003557827500117128,
    0.00035472690460665036,
    0.00035420057265582726,
    0.00035263897452750823,
    0.00035117670913678014,
    0.00035156163221472525,
    0.00035116090866722517,
    0.0003496879352496762,
    0.0003495420570288843,
    0.0003480496863630833
  ]
}