{
  "n_points": 1000,
  "seq_len": 10,
  "n_samples": 990,
  "final_loss": 8.007164069567807e-06,
  "epochs_trained": 10000,
  "rmse_total": 0.9557109790360423,
  "rmse_per_var": [
    0.28608856872025507,
    0.1004817849081902,
    0.021167477751476364,
    0.005838682874485723,
    0.02648016314218328,
    0.5851672492058457,
    0.08948748217332711,
    0.0005358077477044224,
    1.8840445620376798,
    2.9637837758409016,
    0.0001674699470953359,
    0.10071784649431223,
    0.005524069933814983,
    0.00048052055463352895
  ],
  "collapsed": false,
  "success": false
}