{
  "n_points": 500,
  "seq_len": 20,
  "n_samples": 480,
  "final_loss": 2.289847998326877e-06,
  "rmse_total": 0.03854693343970971,
  "rmse_per_var": [
    0.010337070703164452,
    0.0037390925549151167,
    0.0005277114638415124,
    0.00023680821313513343,
    0.004256219938253835,
    0.022662673914616318,
    0.013750506845955017,
    0.0005677169928806509,
    0.07441428795541258,
    0.11977683325790134,
    0.0002362578278850735,
    0.008624079356993188,
    0.0008126590865513547,
    0.0008813242097377812
  ]
}