{
  "n_points": 2500,
  "seq_len": 50,
  "n_samples": 2450,
  "final_loss": 2.7778207368100993e-05,
  "epochs_trained": 10000,
  "rmse_total": 2.9816041337388235,
  "rmse_per_var": [
    0.8037451778834429,
    0.2986099626109353,
    0.04400922949039715,
    0.01583006964109914,
    0.023742552150668065,
    1.7474369029491523,
    0.5475390340270702,
    0.000480310249859498,
    5.675928598677216,
    9.38112433094029,
    0.0021010502821759485,
    0.38271730245683977,
    0.009395535571049963,
    0.0005132996278260709
  ],
  "collapsed": false,
  "success": false
}