{
  "n_points": 1000,
  "seq_len": 50,
  "n_samples": 950,
  "final_loss": 4.520735274127219e-06,
  "rmse_total": 0.9121335738920746,
  "rmse_per_var": [
    0.24964217766137378,
    0.0918630725860394,
    0.014357832431086561,
    0.005118020736618494,
    0.02390232467592465,
    0.5378725795766088,
    0.18781322327579839,
    0.00046791248279765246,
    1.749957527433851,
    2.858179339655152,
    0.00026689937498961794,
    0.1419024702725935,
    0.0023710810617525433,
    0.0002483670951437803
  ]
}