{
  "n_points": 1000,
  "seq_len": 5,
  "n_samples": 995,
  "final_loss": 2.079623982353951e-06,
  "epochs_trained": 10000,
  "rmse_total": 0.5404166994042674,
  "rmse_per_var": [
    0.1654478271778886,
    0.05720657152830655,
    0.012723715692585664,
    0.0035568262519936346,
    0.003259962399865228,
    0.3318311400816871,
    0.0546816403671729,
    0.0002970870917805158,
    1.077176474889347,
    1.6676122373121522,
    0.0005723169233431843,
    0.059407972504214666,
    0.0007269344900042735,
    0.00045654091467895217
  ],
  "collapsed": false,
  "success": false
}