{
  "n_points": 2500,
  "seq_len": 20,
  "n_samples": 2480,
  "final_loss": 2.3947224690346047e-05,
  "rmse_total": 3.0834263390169396,
  "rmse_per_var": [
    0.864436341954128,
    0.3103049735311175,
    0.054747700257546744,
    0.018910999925321487,
    0.14063668267407467,
    1.819056463093316,
    0.6945203768462125,
    0.0019456031561371605,
    5.953336099998424,
    9.634078069634935,
    0.0018057939695812293,
    0.4347234664736029,
    0.024268875829461925,
    0.0015482123197700785
  ]
}