{
  "n_points": 500,
  "seq_len": 5,
  "n_samples": 495,
  "final_loss": 2.989712584167137e-06,
  "rmse_total": 0.18566731954988544,
  "rmse_per_var": [
    0.05682660509153038,
    0.01927206016755628,
    0.004437554881728336,
    0.0013875883937547757,
    0.005295823017396348,
    0.11143210787285587,
    0.04296091243754423,
    0.00019657262708123812,
    0.3702162969929125,
    0.5717264257885731,
    0.00022156869683774414,
    0.02770841702501295,
    0.0008646334037959581,
    0.000228982736107639
  ]
}