{
  "n_points": 2500,
  "seq_len": 30,
  "n_samples": 2470,
  "final_loss": 1.4585496046493063e-06,
  "rmse_total": 1.1384446722250454,
  "rmse_per_var": [
    0.3179772548924984,
    0.11611725992044751,
    0.019858963020562174,
    0.006710162728752533,
    0.014875646787860193,
    0.6787870424183926,
    0.18387807205642473,
    0.00033870097979606545,
    2.1943970034852858,
    3.562903700817387,
    0.0003739206733632993,
    0.159082102104354,
    0.001531748046083749,
    0.0008131811846784816
  ]
}