{
  "timestamp": "2026-03-28T16:07:19.383594",
  "seq_len": 3,
  "hidden_size": 128,
  "rmse_total": 0.24108518020811828,
  "rmse_per_var": {
    "pH": 0.016057164316580184,
    "Ptot_atm": 0.15426036343226138,
    "pH2_atm": 0.011009758591781334,
    "pCO2_atm": 0.1388747468394566,
    "pCH4_atm": 0.011669914450994395,
    "CH4_g_mol": 0.0005547076293819764,
    "H2_g_mol": 0.00013753776532544884,
    "CO2_g_mol": 0.0015475209697557247,
    "SO4": 3.268752024225399e-07,
    "Formate": 0.0006021387181305556,
    "Acetate": 6.476172471794786e-13,
    "Ca": 0.0005154331595229053
  },
  "final_loss": 0.0004643645861348056,
  "best_loss": 0.0004643645861348056,
  "training_time": 98.62789011001587,
  "n_params": 206348,
  "loss_history": [
    0.011114247684178038,
    0.0012243070322480324,
    0.0011497915258455644,
    0.0010605385975804235,
    0.0009760158667948259,
    0.0009219359139155974,
    0.0008833834106790955,
    0.0008456785270633797,
    0.0008326358109564129,
    0.0008199499977374639,
    0.0008047738412827037,
    0.0007864682943614173,
    0.0007787078865331368,
    0.0007693733022872196,
    0.0007630888902433756,
    0.0007587253311783939,
    0.0007491513729041469,
    0.0007468585476643689,
    0.0007387399438944092,
    0.0007322870097055599,
    0.0007254306194912373,
    0.0007217264818567512,
    0.0007160624409890802,
    0.0007106615333358987,
    0.0007137100870275627,
    0.0006991265204978054,
    0.0006991997946634133,
    0.000691042740093679,
    0.0006890316924039761,
    0.0006839696130634326,
    0.0006793072521416605,
    0.0006760065548418872,
    0.0006704293753263419,
    0.0006643691260462114,
    0.0006645112011608654,
    0.0006504688821935459,
    0.0006521316915008145,
    0.000642846055848497,
    0.0006411943613362593,
    0.0006383054950476988,
    0.0006371545819633141,
    0.0006326887711032253,
    0.0006267921126825546,
    0.0006220669623977248,
    0.0006204754390848287,
    0.000614747230766638,
    0.0006080096047641574,
    0.0006084630542529234,
    0.0006053378765025864,
    0.0006014962268966264,
    0.0005960236171908352,
    0.0005896269110962748,
    0.0005853383582544283,
    0.0005856183781018615,
    0.0005816299112284205,
    0.0005738658135405917,
    0.0005747360847148019,
    0.0005658330515607436,
    0.0005693135246553499,
    0.0005575953540729655,
    0.0005606216557350927,
    0.0005560450203568283,
    0.0005530670696896488,
    0.0005512118042595145,
    0.0005456105988148761,
    0.000540166037356265,
    0.0005386803003932363,
    0.000537581978858435,
    0.0005339218067356209,
    0.0005309364315547535,
    0.0005337175083906809,
    0.0005256914094164698,
    0.0005215896554190018,
    0.0005211466647502359,
    0.000514973601937105,
    0.0005149870680685601,
    0.0005096697196215931,
    0.0005071236783186433,
    0.0005016383524322748,
    0.0005052010021746105,
    0.0005024279498130731,
    0.0005003831303759437,
    0.0004957310768498944,
    0.000497566052607895,
    0.0004928189247974829,
    0.000488801677947513,
    0.0004853693655341108,
    0.0004843323426557354,
    0.0004830181706642759,
    0.0004837317907663089,
    0.0004747414117024375,
    0.00047889854429978066,
    0.0004763678559000887,
    0.0004729803163976665,
    0.0004756732468419047,
    0.0004718672890769507,
    0.000469787094735311,
    0.0004672795790585055,
    0.00046584734598687595,
    0.0004643645861348056
  ]
}