{
  "n_points": 1000,
  "seq_len": 3,
  "n_samples": 997,
  "final_loss": 8.629313015262596e-06,
  "epochs_trained": 10000,
  "rmse_total": 1.5774270740178682,
  "rmse_per_var": [
    0.46965113180718016,
    0.16101627058546858,
    0.034253847640211936,
    0.013203516608346412,
    0.06767565157617034,
    0.9361605007026106,
    0.5561466343570522,
    0.0013630907715389497,
    3.172934341581537,
    4.8226971427023875,
    0.001007226346643447,
    0.26789588656638014,
    0.007039369928305273,
    0.002024003096776492
  ],
  "collapsed": false,
  "success": false
}