{
  "n_points": 500,
  "seq_len": 50,
  "n_samples": 450,
  "final_loss": 1.8548045090938103e-06,
  "epochs_trained": 10000,
  "rmse_total": 0.14845712357090812,
  "rmse_per_var": [
    0.045745609292401714,
    0.015423388551038317,
    0.003667404736286522,
    0.0011417651300058681,
    0.0013818835559441709,
    0.08904332051612808,
    0.03072435687888743,
    0.00018180198924368956,
    0.2940697040351069,
    0.4587702859938623,
    0.0001798561381987913,
    0.01964826729592024,
    0.00011149761846598046,
    0.00020822602516644789
  ],
  "collapsed": false,
  "success": false
}