{
  "n_points": 1000,
  "seq_len": 10,
  "n_samples": 990,
  "final_loss": 2.1433270376292057e-06,
  "rmse_total": 0.2025505209120652,
  "rmse_per_var": [
    0.06231652018182326,
    0.021130423829663545,
    0.004841400568326408,
    0.0017387663966753196,
    0.00900453891269378,
    0.12237435638535103,
    0.06901098588120427,
    0.0006833300508511344,
    0.407697187606825,
    0.6186712975118592,
    0.00044653886942165496,
    0.034983299056580465,
    0.001682692064890402,
    0.0003196774668786015
  ]
}