{
  "n_points": 1000,
  "seq_len": 20,
  "n_samples": 980,
  "final_loss": 1.7084834098568535e-06,
  "rmse_total": 0.2750935313751952,
  "rmse_per_var": [
    0.07637249165266084,
    0.02768897741956135,
    0.0046825750292292904,
    0.0016646006595349193,
    0.011131304948734993,
    0.16228056588438675,
    0.06317368701236598,
    0.0004891405928339951,
    0.5300893799988283,
    0.8599190483103077,
    0.0002973148265292866,
    0.0440191659892452,
    0.0016596381911737049,
    0.0002958037804503725
  ]
}