{
  "experiment": "seq5_h128",
  "n_test_trajectories": 100,
  "n_predicted_steps": 96,
  "overall_rmse": {
    "mean": 0.05086257419627002,
    "std": 0.030651218895463062,
    "median": 0.04434867136097689,
    "min": 0.006343380219049253,
    "max": 0.1262186773174505,
    "q25": 0.028089085491106912,
    "q75": 0.07249178604346002
  },
  "per_variable_rmse_mean": {
    "pH": 0.016599683906863602,
    "Ptot_atm": 0.12913813886169634,
    "pH2_atm": 0.012300750303202825,
    "pCO2_atm": 0.11650312168192503,
    "pCH4_atm": 0.010456152944368422,
    "CH4_g_mol": 0.00047741351857344036,
    "H2_g_mol": 0.00013280712083073081,
    "CO2_g_mol": 0.0012964026901824124,
    "SO4": 2.8092698096523594e-07,
    "Formate": 0.000595611348852303,
    "Acetate": 3.12210211704604e-23,
    "Ca": 0.0004468324731765028
  },
  "per_variable_rmse_std": {
    "pH": 0.010012731318141333,
    "Ptot_atm": 0.0789599149964637,
    "pH2_atm": 0.0021873916791337925,
    "pCO2_atm": 0.07178528772732592,
    "pCH4_atm": 0.006006717581417733,
    "CH4_g_mol": 0.00028654844076009993,
    "H2_g_mol": 2.6512507117397967e-05,
    "CO2_g_mol": 0.0007988841358319821,
    "SO4": 1.9250840832884703e-07,
    "Formate": 5.50533320170858e-05,
    "Acetate": 2.508593232947528e-22,
    "Ca": 0.00019540922811737548
  }
}