{
  "timestamp": "2026-03-28T21:25:10.780418",
  "seq_len": 3,
  "hidden_size": 128,
  "rmse_total": 0.24080754275110158,
  "rmse_per_var": {
    "pH": 0.017436527185528905,
    "Ptot_atm": 0.13860887500371144,
    "pH2_atm": 0.013377683053550277,
    "pCO2_atm": 0.1279322467314519,
    "pCH4_atm": 0.010557099643199725,
    "CH4_g_mol": 0.0005085982067267453,
    "H2_g_mol": 0.00015633205697564587,
    "CO2_g_mol": 0.0014221152576822033,
    "SO4": 3.0208965251469765e-07,
    "Formate": 0.0007512328955807398,
    "Acetate": 9.457383736297225e-16,
    "Ca": 0.0005239048068449764
  },
  "final_loss": 0.0003048559617035199,
  "best_loss": 0.00030481313950841087,
  "training_time": 522.2015838623047,
  "n_params": 206348,
  "loss_history": [
    0.011035585456757226,
    0.0011921006811620749,
    0.0011361890484281965,
    0.0010529343673176524,
    0.0009755246742776986,
    0.0009225674071416691,
    0.0008898053513974816,
    0.0008681904384528921,
    0.0008551042176027229,
    0.0008368698277753657,
    0.0008312130728196622,
    0.000820797167893877,
    0.0008111282133672765,
    0.0007997417319700985,
    0.0007982305974861526,
    0.0007858466861459117,
    0.0007904237148055024,
    0.0007863025820436145,
    0.0007802815237285002,
    0.0007669757105126653,
    0.0007659558643775897,
    0.0007569318586636497,
    0.0007532593836346506,
    0.0007489290869578827,
    0.0007383531445394392,
    0.0007312684893554103,
    0.0007307306470254949,
    0.00073129822064758,
    0.0007248096444738515,
    0.0007148308910604944,
    0.0007128234227201429,
    0.0007065119866308743,
    0.0006978175395330334,
    0.0007008290429518599,
    0.0006996664702824816,
    0.0006966307509582544,
    0.0006850363777788437,
    0.0006808411419405129,
    0.000675378531973431,
    0.0006704790581800583,
    0.0006645023681061423,
    0.0006679853485168322,
    0.0006663304988119373,
    0.000654969994397159,
    0.0006604946390523211,
    0.0006503075173975009,
    0.000652208691969028,
    0.0006457462238714746,
    0.0006421615001813009,
    0.0006376655284733768,
    0.0006340478840486511,
    0.0006323288739793866,
    0.0006328211867830892,
    0.0006251641932159554,
    0.0006253693961416897,
    0.0006150348719371402,
    0.0006183377976623783,
    0.0006137628363026981,
    0.0006087004451715536,
    0.0006068912905006521,
    0.0006125875834740051,
    0.0006090372178258131,
    0.0006030266184994168,
    0.0006011867505984138,
    0.0005985911275881033,
    0.0005988640430639835,
    0.0005954436559662007,
    0.0005913891188422407,
    0.0005874666710978077,
    0.0005831370368073492,
    0.0005786193878916295,
    0.0005796774140343178,
    0.0005774228640433832,
    0.0005817312160101922,
    0.0005792890612940318,
    0.0005765071795052053,
    0.0005750957398972325,
    0.00057025457718882,
    0.0005707068269248998,
    0.000567920165527882,
    0.0005682485748379342,
    0.0005672998101268287,
    0.0005590143905399178,
    0.0005593100920373547,
    0.0005538473361293259,
    0.0005552463542224596,
    0.0005513052580088538,
    0.0005446120703498415,
    0.0005524198738082001,
    0.0005441413539380807,
    0.0005441234332333872,
    0.0005408295609083944,
    0.000543017489278851,
    0.0005458030260869882,
    0.0005385481811506484,
    0.000534375616605731,
    0.0005344483150216495,
    0.0005365678142972183,
    0.0005370158778901711,
    0.0005335417491775276,
    0.0005273675450724482,
    0.0005302522600581195,
    0.0005231237109831494,
    0.0005209333869034722,
    0.0005244421371953913,
    0.0005332468517050417,
    0.0005162270317036335,
    0.0005205775317533508,
    0.0005158836037203994,
    0.0005178034583113386,
    0.0005146522689914412,
    0.0005133611048011623,
    0.0005217130708447455,
    0.0005094942197277872,
    0.0005110677205991216,
    0.0005146645616058368,
    0.0005090891724398387,
    0.0005018750505953811,
    0.000507384671094031,
    0.0005004745266953672,
    0.0005086058525510294,
    0.0005028566540441597,
    0.0005015277470785962,
    0.000503528467801305,
    0.0004963254984603196,
    0.0005008247748449229,
    0.0004957749183539409,
    0.0004939792886126678,
    0.000494528034840292,
    0.000495264325476508,
    0.0004945095386389859,
    0.0004893024680643356,
    0.00048607997967443174,
    0.0004927863725427322,
    0.0004893958321401336,
    0.0004885202129472695,
    0.000485140807248409,
    0.00048687145505370435,
    0.0004952369236718,
    0.0004847394184384873,
    0.00048268779730964185,
    0.00048123328361079855,
    0.0004831568363284611,
    0.0004835092472722349,
    0.00047494990369844914,
    0.00048556227095263157,
    0.00048020939474277525,
    0.000478773914527256,
    0.0004814982450519945,
    0.00048245533354296957,
    0.00047643738992822666,
    0.00047428894103032307,
    0.00047313188948412086,
    0.0004732120817567667,
    0.0004735472465298422,
    0.00047561832124947746,
    0.00046663021295925304,
    0.0004678379615222144,
    0.00047091450348185995,
    0.0004728750991331332,
    0.00046914809710764583,
    0.00046540604916104266,
    0.00046259988499197945,
    0.00046993522057849643,
    0.00046475170731908927,
    0.00046386253873250733,
    0.00046799175552618893,
    0.0004606420297405102,
    0.00046154593389170865,
    0.000460726411614999,
    0.00046347909703162377,
    0.0004587502898715868,
    0.0004628761081814604,
    0.0004547417411864128,
    0.00046020557908206316,
    0.0004570633595627125,
    0.00045544184572265847,
    0.00045343253009048277,
    0.0004528479364639877,
    0.00044852550144887707,
    0.00045364795419711455,
    0.0004544092720185501,
    0.00045071692244770626,
    0.0004466858555805748,
    0.00044837147832605176,
    0.00045219044204450386,
    0.0004472666184681103,
    0.00045042084909611095,
    0.0004567050245975185,
    0.00044851750101678183,
    0.00044972259826296803,
    0.00045117589947092683,
    0.00044493000360502715,
    0.0004442581973558265,
    0.000444964575075099,
    0.0004494643211702182,
    0.00044652179450444554,
    0.0004436560651705857,
    0.0004532307873992924,
    0.000435833137759102,
    0.00044403547029672324,
    0.0004469144260983212,
    0.0004389588278212139,
    0.0004399016955901153,
    0.0004373254602019122,
    0.000437890177430666,
    0.00044126253527845594,
    0.0004372694498380187,
    0.00043470403441039007,
    0.0004324253972457803,
    0.0004360576469005774,
    0.00043362755044970824,
    0.00043499006415663314,
    0.00043311927626179397,
    0.0004289345811559832,
    0.0004309877982714038,
    0.0004317581964879418,
    0.00042700541958185856,
    0.0004296936790722058,
    0.0004298470490038449,
    0.00043114920634357935,
    0.00042881734021331955,
    0.0004352712253803738,
    0.00043201685058074475,
    0.00043337961356830447,
    0.00042829291432745,
    0.0004218638627418735,
    0.0004238428275499061,
    0.00042115365445235934,
    0.0004229866051742726,
    0.0004233411178364,
    0.0004258004283748459,
    0.0004264739121857059,
    0.00042375338354917324,
    0.0004181343793828526,
    0.0004196353692838085,
    0.00042589694604048157,
    0.00041871850920395683,
    0.00042289039297231835,
    0.0004136593946579682,
    0.0004164786973084067,
    0.0004170296455571509,
    0.0004187190507882801,
    0.0004172895679020903,
    0.00041789819867741587,
    0.0004180761288676033,
    0.0004207872974591843,
    0.00041845547983530856,
    0.00041900439216566366,
    0.0004119630266939276,
    0.00041383432512900425,
    0.0004168185548843357,
    0.00041757557571501185,
    0.0004176297708434741,
    0.00042134275941677605,
    0.0004089784016326556,
    0.0004066710793953119,
    0.00040598503825173754,
    0.0004122298474902746,
    0.0004128906729907823,
    0.0004085668270725865,
    0.00040756226576311327,
    0.00040125675175500954,
    0.00040937685610159584,
    0.000411605871150918,
    0.0004134726674343203,
    0.00040745824327408943,
