{
  "n_points": 1000,
  "seq_len": 5,
  "n_samples": 995,
  "final_loss": 1.7406422330168425e-06,
  "rmse_total": 0.364823296392485,
  "rmse_per_var": [
    0.10148183356928203,
    0.03614891789385378,
    0.006318228183213554,
    0.002467890709286157,
    0.012339997465324042,
    0.2105629512333658,
    0.10795137306503265,
    0.00033833968281105813,
    0.7027605434227607,
    1.1391910281534994,
    0.00021791226110936212,
    0.0626130938286755,
    0.0011812133969359303,
    0.000375887296703832
  ]
}