{
  "seq_len": 5,
  "n_samples": 495,
  "final_loss": 4.8787478590384126e-06,
  "epochs_trained": 10000,
  "rmse_total": 0.5595767941614197,
  "rmse_per_var": [
    0.1522697203662451,
    0.05616840127905918,
    0.008576249394828187,
    0.0031098434103408496,
    0.013864876448201455,
    0.32896065869072694,
    0.11921996123037744,
    0.0009282589151417801,
    1.0711536806587627,
    1.754778230703736,
    0.0001583214913272169,
    0.09001194831333106,
    0.001174042237627259,
    0.0006695275198202881
  ],
  "collapsed": false,
  "success": false
}