{
  "n_points": 1000,
  "seq_len": 30,
  "n_samples": 970,
  "final_loss": 2.30796831601765e-06,
  "epochs_trained": 10000,
  "rmse_total": 0.2620929389770745,
  "rmse_per_var": [
    0.08338474724426594,
    0.0275859709501243,
    0.006860353243128824,
    0.002297561593840393,
    0.005019281424181739,
    0.15846315925151339,
    0.0817609055277379,
    0.00042686612753204024,
    0.5331329057781511,
    0.7976214948815077,
    0.00031064976011372736,
    0.040964185693138484,
    0.0006043746473469518,
    0.0012294899224829829
  ],
  "collapsed": false,
  "success": false
}