{
  "n_points": 1000,
  "seq_len": 50,
  "n_samples": 950,
  "final_loss": 1.235961008205777e-06,
  "epochs_trained": 10000,
  "rmse_total": 0.19310322561441648,
  "rmse_per_var": [
    0.05294602869244802,
    0.01949420335144654,
    0.0030660891902037847,
    0.0011130888775434168,
    0.005279201282834188,
    0.11395711452364224,
    0.041613179864713426,
    0.00038851321316567066,
    0.3712348754138509,
    0.6044067061765207,
    0.00021762626363051743,
    0.03132037321805345,
    0.0005231348826215997,
    0.0002168112071748506
  ],
  "collapsed": false,
  "success": false
}