{
  "timestamp": "2026-03-28T16:13:04.676023",
  "seq_len": 5,
  "hidden_size": 128,
  "rmse_total": 0.24497694316245106,
  "rmse_per_var": {
    "pH": 0.019385672396310474,
    "Ptot_atm": 0.1513648806193544,
    "pH2_atm": 0.012493724039680399,
    "pCO2_atm": 0.13684335897561276,
    "pCH4_atm": 0.012058681126016149,
    "CH4_g_mol": 0.0005568066779580832,
    "H2_g_mol": 0.00013542763520418708,
    "CO2_g_mol": 0.001522785538937182,
    "SO4": 3.4055756622272905e-07,
    "Formate": 0.000598150272296054,
    "Acetate": 2.527946839765972e-22,
    "Ca": 0.0004876925522482992
  },
  "final_loss": 0.00043126900179915064,
  "best_loss": 0.00043126900179915064,
  "training_time": 96.12130284309387,
  "n_params": 206348,
  "loss_history": [
    0.00904746564155439,
    0.0010100874440887799,
    0.0008214753742478568,
    0.0007371133361797031,
    0.0006913610161612769,
    0.0006675755762847791,
    0.0006518236080049564,
    0.0006326712947269935,
    0.000624324489913925,
    0.0006210900184949144,
    0.0006217703362031338,
    0.0006264641873411746,
    0.000620049425674955,
    0.0006221625614655067,
    0.0006261630553460112,
    0.000620965530046058,
    0.0006263572974102957,
    0.0006191552766135855,
    0.0006225675178454781,
    0.0006181988107404236,
    0.0006223340787767769,
    0.0006266441041212419,
    0.0006228302777317744,
    0.0006152872742186769,
    0.0006092192168408156,
    0.0006080652318809446,
    0.0006109730050535377,
    0.0006035783739013807,
    0.0006048211811686254,
    0.0005980101725728576,
    0.0006008430152646536,
    0.0006033205478893008,
    0.0005934588566695246,
    0.0005942072942177902,
    0.0005963866791092741,
    0.000587140786022047,
    0.0005820115750756104,
    0.0005823877857400094,
    0.0005825236320878605,
    0.0005757717206280612,
    0.000581225161075581,
    0.0005726312290940478,
    0.0005696784907617171,
    0.0005690117177006529,
    0.0005724908831906808,
    0.0005560571796394411,
    0.0005566702835150229,
    0.0005575714812141474,
    0.0005513345653063083,
    0.0005513534850348614,
    0.0005508871464377004,
    0.0005471024470412056,
    0.0005427790935200876,
    0.0005447176151968175,
    0.0005370110784658677,
    0.0005294033203077001,
    0.0005318487063739119,
    0.000529560949581058,
    0.0005289370884819882,
    0.0005233817414887602,
    0.0005237922815849851,
    0.0005248614338732231,
    0.000520826460994758,
    0.000515712693074619,
    0.0005105469743004785,
    0.0005057389079352025,
    0.0005071807474300222,
    0.0005112488918728332,
    0.0005027327897335739,
    0.000497847165362689,
    0.0004972734278620403,
    0.0004951980459392236,
    0.0004921688132687918,
    0.00048583876940879155,
    0.000483412505592462,
    0.0004848380690714697,
    0.0004893824338090479,
    0.00047693376130763355,
    0.0004816940452968261,
    0.00047439644545435177,
    0.00047790890736243625,
    0.0004704640052844798,
    0.0004711544973646241,
    0.00046569234815552917,
    0.0004605975865004805,
    0.0004633990259870016,
    0.0004633304853468979,
    0.00045534630599514353,
    0.0004515885322054396,
    0.0004556766972421068,
    0.00045102538858518315,
    0.0004522452672864944,
    0.0004485582201962067,
    0.0004456879529921536,
    0.0004442667803167746,
    0.00044705723207402623,
    0.0004391225821892428,
    0.0004374325985279067,
    0.00043770791620040896,
    0.00043126900179915064
  ]
}