{
  "n_points": 2500,
  "seq_len": 2,
  "n_samples": 2498,
  "final_loss": 7.306966836040374e-07,
  "rmse_total": 0.7041083757551078,
  "rmse_per_var": [
    0.20430674499449608,
    0.07206806074737435,
    0.014006777765498805,
    0.004674967730263817,
    0.007590316907513013,
    0.41952274182024757,
    0.165077650224613,
    0.0005551735710765842,
    1.3818747305148005,
    2.1836628031529566,
    0.0006451825361304938,
    0.1109932924965252,
    0.0042550942560712875,
    0.0006680790538875693
  ]
}