{
  "seq_len": 20,
  "n_samples": 480,
  "final_loss": 1.9023242430193932e-06,
  "epochs_trained": 10000,
  "rmse_total": 0.09646036097753688,
  "rmse_per_var": [
    0.03033361617866757,
    0.0101414998250654,
    0.002475996735697488,
    0.0007855637881442987,
    0.0012690499288158996,
    0.058732334900983944,
    0.02306505268419061,
    0.000335313840408278,
    0.19420210306536412,
    0.2955349459784169,
    0.0002481932339265761,
    0.013997192806933388,
    0.00026332111095970525,
    0.0002668036328529311
  ],
  "collapsed": false,
  "success": false
}