{
  "n_points": 500,
  "seq_len": 30,
  "n_samples": 470,
  "final_loss": 3.6936821743438486e-06,
  "epochs_trained": 10000,
  "rmse_total": 0.06277856515417421,
  "rmse_per_var": [
    0.01762156714179473,
    0.006632024180786799,
    0.0011293380992518102,
    0.0004134857350874088,
    0.0012857410902228897,
    0.03876878883944387,
    0.009784580113372581,
    0.0017337108860846226,
    0.12420124675282068,
    0.19412963397220231,
    0.0002327737279701698,
    0.010172172074474153,
    0.00036714436515698334,
    0.0008850011702524756
  ],
  "collapsed": false,
  "success": false
}