{
  "experiment": "seq20_h128",
  "n_test_trajectories": 100,
  "n_predicted_steps": 81,
  "overall_rmse": {
    "mean": 0.11633683758874047,
    "std": 0.06146722528744708,
    "median": 0.12443693156612179,
    "min": 0.005539344314181747,
    "max": 0.2534816318614522,
    "q25": 0.05441508347135113,
    "q75": 0.16275303651611822
  },
  "per_variable_rmse_mean": {
    "pH": 0.03507484692487114,
    "Ptot_atm": 0.2971853811565593,
    "pH2_atm": 0.0084205211060692,
    "pCO2_atm": 0.2680903940661071,
    "pCH4_atm": 0.025321035838033565,
    "CH4_g_mol": 0.0011103036949692174,
    "H2_g_mol": 0.00017002656729151204,
    "CO2_g_mol": 0.0029843657186745505,
    "SO4": 2.423718247930943e-07,
    "Formate": 0.0004226570981108568,
    "Acetate": 1.2287987510955471e-11,
    "Ca": 0.0005748279858175835
  },
  "per_variable_rmse_std": {
    "pH": 0.01998803421004643,
    "Ptot_atm": 0.15720473476527558,
    "pH2_atm": 0.0013675218791069533,
    "pCO2_atm": 0.14251609558568606,
    "pCH4_atm": 0.013290229234767057,
    "CH4_g_mol": 0.0005857029012711733,
    "H2_g_mol": 7.105652516980775e-05,
    "CO2_g_mol": 0.0015874786376631842,
    "SO4": 1.6161306122257735e-07,
    "Formate": 1.4976699433864444e-05,
    "Acetate": 1.2683247591059558e-11,
    "Ca": 0.0003257939663925819
  }
}