{
  "n_points": 1000,
  "seq_len": 30,
  "n_samples": 970,
  "final_loss": 1.0667469723557588e-05,
  "rmse_total": 0.7882071531685862,
  "rmse_per_var": [
    0.24017376385698744,
    0.08231227297647098,
    0.01834891032458642,
    0.00596200162858578,
    0.021876960210308306,
    0.47594801640000306,
    0.1821429252403727,
    0.0005046658743061638,
    1.5734528434206536,
    2.4258089685898594,
    0.0008998526553217557,
    0.11159602829100129,
    0.0035882418200961757,
    0.0021157208104653764
  ]
}