{
  "n_points": 1000,
  "seq_len": 20,
  "n_samples": 980,
  "final_loss": 3.6569924759533023e-06,
  "epochs_trained": 10000,
  "rmse_total": 0.2989555706719756,
  "rmse_per_var": [
    0.08556515091918684,
    0.030118514519879826,
    0.005751987368129819,
    0.0018978580262923477,
    0.011806830332097146,
    0.175208177881495,
    0.07545425369851383,
    0.00032441217407986895,
    0.5824221626784801,
    0.9299173315344869,
    0.0003738662371155472,
    0.04981014485840255,
    0.0017240861335845517,
    0.0003460899278977614
  ],
  "collapsed": false,
  "success": false
}