{
  "n_points": 500,
  "seq_len": 10,
  "n_samples": 490,
  "final_loss": 1.1613999959081411e-05,
  "epochs_trained": 10000,
  "rmse_total": 0.30745097969452095,
  "rmse_per_var": [
    0.099590838302325,
    0.03150164298497969,
    0.008816816478340206,
    0.003382585180952081,
    0.011932575452739022,
    0.17972290024266185,
    0.14269947344659767,
    0.001353835607087731,
    0.6261718880744149,
    0.9296270338514402,
    0.00047068422514812716,
    0.057042803566809755,
    0.002273993836088066,
    0.0009963724352292853
  ],
  "collapsed": false,
  "success": false
}