{
  "experiment": "seq10_h128",
  "n_test_trajectories": 100,
  "n_predicted_steps": 91,
  "overall_rmse": {
    "mean": 0.13491701163144942,
    "std": 0.07931368093851583,
    "median": 0.14730834428478978,
    "min": 0.0068787540718044955,
    "max": 0.3175472643426283,
    "q25": 0.05289094942636451,
    "q75": 0.20028880435290844
  },
  "per_variable_rmse_mean": {
    "pH": 0.04026219124030949,
    "Ptot_atm": 0.34305848905759234,
    "pH2_atm": 0.013151886879017414,
    "pCO2_atm": 0.31200436385186964,
    "pCH4_atm": 0.029143839233410972,
    "CH4_g_mol": 0.0012890826239281123,
    "H2_g_mol": 0.0002113868217123661,
    "CO2_g_mol": 0.003472882652342884,
    "SO4": 3.0934787916818785e-07,
    "Formate": 0.0007365236997734311,
    "Acetate": 1.1337922276753653e-12,
    "Ca": 0.0006986250713765061
  },
  "per_variable_rmse_std": {
    "pH": 0.02392028652025292,
    "Ptot_atm": 0.20115256845918938,
    "pH2_atm": 0.0017365895845033333,
    "pCO2_atm": 0.18684891639237197,
    "pCH4_atm": 0.016430856719181285,
    "CH4_g_mol": 0.0007533403868229935,
    "H2_g_mol": 7.195310556612395e-05,
    "CO2_g_mol": 0.002085045067689371,
    "SO4": 1.8415673186091362e-07,
    "Formate": 3.329461795246936e-05,
    "Acetate": 6.688205338347461e-13,
    "Ca": 0.00035954098800106143
  }
}