{
  "n_points": 500,
  "seq_len": 30,
  "n_samples": 470,
  "final_loss": 3.4321963084948948e-06,
  "rmse_total": 0.19845879329601274,
  "rmse_per_var": [
    0.060245953385591855,
    0.02069849376275789,
    0.004717416540679858,
    0.0014571670477850956,
    0.0015163176016203682,
    0.11972750333952045,
    0.03602383111282111,
    0.00023351408652242753,
    0.39131567302382636,
    0.6147403491780662,
    0.001050748516865752,
    0.025490702967855453,
    0.00023926871755742206,
    0.000884126600215719
  ]
}